BEAUREGA, 21 rue DE BEAUREGARD
BLANDEAU, 21 rue BLANDEAU
OR, 21 rue DES BLES D OR
BOULETTE, 21 rue COM DE LA BOULETTERIE
HERBINS, 21 rue D HERBINS
PE, 21 rue ILE DU PE
REPUBLIQ, 21 rue REPUBLIQUE
KERBRUN, 21 rue DE KERBRUN
KERLEDE, 21 rue CIAL DE KERLEDE
TREBALE, 21 rue CIAL DE TREBALE
SAVARY, 21 rue DU BOIS SAVARY
VILLE, 21 rue COEUR DE VILLE
GATE, 21 rue DU COMMANDANT GATE
FEVRIER, 21 rue DU 28 FEVRIER 1943
PEREIRE, 21 rue DES FRERES PEREIRE
GARE, 21 rue GARE NORD
GARE, 21 rue GARE SUD
GAVY, 21 rue GAVY
HERMINIE, 21 rue L''HERMINIER
VILLE, 21 rue DE L HOTEL DE VILLE
MACE, 21 rue JEAN MACE
MANSART, 21 rue JULES MANSART
LEBON, 21 rue PHILIPPE LEBON
HEMBERT, 21 rue DU PRE HEMBERT
HORLOGES, 21 rue DES QUATRE Z''HORLOGES
HUBERT, 21 rue DE SAINT HUBERT
THEATRE, 21 rue DU THEATRE
ABATTOIR, 21 rue DES ABATTOIRS
GANCE, 21 rue ABEL GANCE
DUQUESNE, 21 rue ABRAHAM DUQUESNE
FAMILIAL, 21 rue ANC RUE DE L''ABRI FAMILIAL
ACACIAS, 21 rue DES ACACIAS
CHRISTIE, 21 rue AGATHA CHRISTIE
AIGRETTE, 21 rue DES AIGRETTES
PICHON, 21 rue ADRIEN PICHON
AIGUILLO, 21 rue DE L AIGUILLON
AJONCS, 21 rue DES AJONCS
GERBAULT, 21 rue ALAIN GERBAULT
ALBATROS, 21 rue DES ALBATROS
CAMUS, 21 rue ALBERT CAMUS
BOMBARD, 21 rue ALAIN BOMBARD
EINSTEIN, 21 rue ALBERT EINSTEIN
MUN, 21 rue ALBERT DE MUN
ALBERT, 21 rue ALBERT 1ER
SCHWEITZ, 21 rue ALBERT SCHWEITZER
THOMAS, 21 rue ALBERT THOMAS
THOMAS, 21 rue ALBERT THOMAS
BENOIST, 21 rue ALCIDE BENOIST
ALCYONS, 21 rue DES ALCYONS
BENOIST, 21 rue ALCIDE BENOIST
NOVIAL, 21 rue ALICE NOVIAL
FLEMING, 21 rue ALEXANDER FLEMING
DUMAS, 21 rue ALEXANDRE DUMAS
ROLLIN, 21 rue ALEXANDRE LEDRU ROLLIN
VEZIN, 21 rue ALEXANDRE VEZIN
MUSSET, 21 rue ALFRED DE MUSSET
VIGNY, 21 rue ALFRED DE VIGNY
KASTLER, 21 rue ALFRED KASTLER
PICHON, 21 rue ALFRED PICHON
NOBEL, 21 rue ALFRED NOBEL
SISLEY, 21 rue ALFRED SISLEY
HENRI, 21 rue ALLANET HENRI
ALOUETTE, 21 rue DES ALOUETTES
DAUDET, 21 rue ALPHONSE DAUDET
LAMARTIN, 21 rue ALPHONSE DE LAMARTINE
AMANDIER, 21 rue DES AMANDIERS
AMANDIER, 21 rue DES AMANDIERS
PARE, 21 rue AMBROISE PARE
AMERICAI, 21 rue AMERICAINE
LATINE, 21 rue DE L''AMERIQUE LATINE
COURBET, 21 rue AMIRAL COURBET
FRANCE, 21 rue ANATOLE FRANCE
CHAPELLE, 21 rue DE L ANCIENNE CHAPELLE
HOPITAL, 21 rue ANCIEN HOPITAL
VILLE, 21 rue DE L ANCIEN HOTEL DE VILLE
MUTUALIT, 21 rue DE LA MUTUALITE
ANCOLIE, 21 rue DE L ANCOLIE
EVE, 21 rue ANC RTE DU FORT DE L EVE
CELSIUS, 21 rue ANDERS CELSIUS
AMPERE, 21 rue ANDRE AMPERE
CHENIER, 21 rue ANDRE CHENIER
GIDE, 21 rue ANDRE GIDE
GIDE, 21 rue ANDRE GIDE
PILLIAIR, 21 rue ANDRE PILLIAIRE
NOTRE, 21 rue ANDRE LE NOTRE
MALRAUX, 21 rue ANDRE MALRAUX
MICHAUX, 21 rue ANDRE MICHAUX
ANEMONES, 21 rue DES ANEMONES
DUVAL, 21 rue ANGELA DUVAL
ANJOU, 21 rue D ANJOU
ANGLE, 21 rue DE L ANGLE
CONTI, 21 rue ANITA CONTI
ANJOU, 21 rue D ANJOU
POLITKOV, 21 rue ANNA POLITKOVSKAIA
GIRARDOT, 21 rue ANNIE GIRARDOT
ANTIQUES, 21 rue DES ANTIQUES
ANTILLES, 21 rue DES ANTILLES
BOURDELL, 21 rue ANTOINE BOURDELLE
BAIF, 21 rue ANTOINE DE BAIF
CONDORCE, 21 rue ANTOINE DE CONDORCET
JUSSIEU, 21 rue ANTOINE DE JUSSIEU
EXUPERY, 21 rue ANTOINE DE SAINT EXUPERY
GOUAN, 21 rue ANTOINE GOUAN
LAVOISIE, 21 rue ANTOINE LAVOISIER
PARMENTI, 21 rue ANTOINE PARMENTIER
ANTIQUES, 21 rue DES ANTIQUES
APPRENTI, 21 rue DES APPRENTIS
ARDOISES, 21 rue DES ARDOISES
BRIAND, 21 rue ARISTIDE BRIAND
MAILLOL, 21 rue ARISTIDE MAILLOL
BARBES, 21 rue ARMAND BARBES
ARMATEUR, 21 rue DES ARMATEURS
ARSONVAL, 21 rue ARSENE D ARSONVAL
NOUTEAU, 21 rue ARSENE NOUTEAU
RIMBAUD, 21 rue ARTHUR RIMBAUD
DUMONT, 21 rue A SANTOS DUMONT
LABORDE, 21 rue ATHANASE LABORDE
ATLANTIQ, 21 rue DE L''ATLANTIQUE
AUBEPINE, 21 rue DES AUBEPINES
AUBINAIS, 21 rue DES AUBINAIS
LECHAT, 21 rue AUGUSTE BAPTISTE LECHAT
BRIZEUX, 21 rue AUGUSTE BRIZEUX
CHENEVEA, 21 rue AUGUSTE CHENEVEAUX
CHEVALIE, 21 rue AUGUSTE CHEVALIER
COMTE, 21 rue AUGUSTE COMTE
PICCARD, 21 rue AUGUSTE PICCARD
RODIN, 21 rue AUGUSTE RODIN
RENOIR, 21 rue AUGUSTE RENOIR
FRESNEL, 21 rue AUGUSTIN FRESNEL
GENDRE, 21 rue AUGUSTINE GENDRE
DRUIDES, 21 rue AUTEL DES DRUIDES
AVALIX, 21 rue D AVALIX
AVIATEUR, 21 rue DES AVIATEURS
AVIATION, 21 rue DE L''AVIATION
AVILES, 21 rue D''AVILES
AVOCETTE, 21 rue DES AVOCETTES
MINDIN, 21 rue BAC DE MINDIN
BAGUET, 21 rue DU BAGUET
BALTIQUE, 21 rue DE LA BALTIQUE
MARCET, 21 rue BAPTISTE MARCET
MARCET, 21 rue BAPTISTE MARCET
BARBARA, 21 rue BARBARA
BARRIERE, 21 rue DE LA BARRIERE
BRAIS, 21 rue DU BAS BRAIS
CUNEIX, 21 rue DU BAS CUNEIX
LEAUFOUI, 21 rue DU BAS LEAUFOUIS
BASSINS, 21 rue DES BASSINS
BEAC, 21 rue DE BEAC
BEAC, 21 rue DE BEAC
BEARN, 21 rue DE BEARN
BECASSIN, 21 rue DES BECASSINES
AIR, 21 rue DE BEL AIR
AIR, 21 rue DE BEL AIR
AIR, 21 rue DE BEL AIR
AIR, 21 rue DE BEL AIR
AIR, 21 rue DE BEL AIR
HAUTIERE, 21 rue BELLE HAUTIERE
FRANKLIN, 21 rue BENJAMIN FRANKLIN
BERNACHE, 21 rue DES BERNACHES
PALISSY, 21 rue BERNARD PALISSY
BERREGAS, 21 rue DE BERREGAS
BERRIEN, 21 rue DE BERRIEN
BERRIEN, 21 rue DE BERRIEN
BERT, 21 rue DE BERT
BERTHAUD, 21 rue DE LA BERTHAUDERIE
MORISOT, 21 rue BERTHE MORISOT
BAGUET, 21 rue BIGNON BAGUET
HOLIDAY, 21 rue BILLIE HOLIDAY
BISQUINE, 21 rue DE LA BISQUINE
CENDRARS, 21 rue BLAISE CENDRARS
PASCAL, 21 rue BLAISE PASCAL
OR, 21 rue DES BLES D OR
BLEUETS, 21 rue DES BLEUETS
BIGNON, 21 rue DU BIGNON
EDWARDS, 21 rue BLANCHE EDWARDS
BRAIS, 21 rue DU BOIS DE BRAIS
CHAPELLE, 21 rue DU BOIS DE CHAPELLE
JOALLAND, 21 rue DU BOIS JOALLAND (RN771)
JOALLAND, 21 rue DU BOIS JOALLAND
PRAZILLO, 21 rue DU BOIS DU PRAZILLON
RETZ, 21 rue DU BOIS DU RETZ
SAVARY, 21 rue DU BOIS SAVARY
BOSQUETS, 21 rue DES BOSQUETS
BOUGAINV, 21 rue BOUGAINVILLE
BOULEAUX, 21 rue DES BOULEAUX
BOULETTE, 21 rue DE LA BOULETTERIE
BRAIS, 21 rue DE BRAIS
BRAIS, 21 rue DE BRAIS
BRANCIEU, 21 rue DE BRANCIEUX
BRANCIEU, 21 rue DE BRANCIEUX
BRETAGNE, 21 rue DE BRETAGNE
BRIANDAI, 21 rue DE LA BRIANDAIS
BRIVET, 21 rue DU BRIVET
BOUCARD, 21 rue DU BOUCARD
BRICK, 21 rue DU BRICK
BRIVET, 21 rue DU BRIVET
BRIVET, 21 rue DU BRIVET
BRESINIE, 21 rue DES BRESINIERES
BROSSES, 21 rue DES BROSSES
BROSSES, 21 rue DES BROSSES
CHATEAU, 21 rue DE LA BUTTE DU CHATEAU
CABOTEUR, 21 rue DES CABOTEURS
ROCHELLE, 21 rue DU CALVAIRE DES ROCHELLES
CAMELIAS, 21 rue DES CAMELIAS
DESMOULI, 21 rue CAMILLE DESMOULINS
PELLETAN, 21 rue CAMILLE PELLETAN
PISSARRO, 21 rue CAMILLE PISSARRO
TORPILLE, 21 rue CAMP DE LA TORPILLE
CAMPANUL, 21 rue DES CAMPANULES
CAMPUS, 21 rue DU CAMPUS
DAUCE, 21 rue DU CAPITAINE DAUCE
CAPUCINE, 21 rue DES CAPUCINES
CARAIBES, 21 rue DES CARAIBES
CARDURAN, 21 rue DE CARDURAND
CARDURAN, 21 rue DE CARDURAND
CAREX, 21 rue DES CAREX
CARRIERE, 21 rue DE LA CARRIERE
CUNEIX, 21 rue DES CARROIS DE CUNEIX
CASERNE, 21 rue DE LA CASERNE
CAVALIER, 21 rue DES CAVALIERS
CEDRES, 21 rue DES CEDRES
CELTES, 21 rue DES CELTES
FREINET, 21 rue CELESTIN FREINET
FRANCK, 21 rue CESAR FRANCK
CHANTERE, 21 rue DES CHANTERELLES
CHAPELLE, 21 rue DE LA CHAPELLE
PLAT, 21 rue DU CHAMP PLAT
LAMBERT, 21 rue DES CHAMPS LAMBERT
LAMBERT, 21 rue DES CHAMPS LAMBERT
CHANTIER, 21 rue DES CHANTIERS
CHAPONNE, 21 rue DE LA CHAPONNERIE
CHARBONN, 21 rue DES CHARBONNIERS
CHARBONN, 21 rue DES CHARBONNIERS
CHARDONN, 21 rue DES CHARDONNERETS
BAUDELAI, 21 rue CHARLES BAUDELAIRE
MEAN, 21 rue CHAMPS DU MOULIN DE MEAN
BRUNELLI, 21 rue CHARLES BRUNELLIERE
COULOMB, 21 rue CHARLES COULOMB
DELESCLU, 21 rue CHARLES DELESCLUZE
DICKENS, 21 rue CHARLES DICKENS
MONTESQU, 21 rue CHARLES DE MONTESQUIEU
GARNIER, 21 rue CHARLES GARNIER
GOFFIC, 21 rue CHARLES LE GOFFIC
GOUNOD, 21 rue CHARLES GOUNOD
LEBRUN, 21 rue CHARLES LEBRUN
LINDBERG, 21 rue CHARLES LINDBERG
LINNE, 21 rue CHARLES LINNE
LONGUET, 21 rue CHARLES LONGUET
BEUVE, 21 rue CHARLES SAINTE BEUVE
MAREE, 21 rue DU CHASSE MAREE
CHATEAU, 21 rue DU CHATEAU
BEAUREGA, 21 rue DU CHATEAU DE BEAUREGARD
CHATONAY, 21 rue DE CHATONAY
GAUTHIER, 21 rue DE LA CHAUSSEE GAUTHIER
CHEBEC, 21 rue DU CHEBEC
VERT, 21 rue DU CHEMIN VERT
CHEMOULI, 21 rue DE CHEMOULIN
VERT, 21 rue DU CHENE VERT
CHENES, 21 rue DES CHENES
CHESNAIE, 21 rue DE LA CHESNAIE
GEORGE, 21 rue CHEVALIER DE SAINT GEORGE
CHEVREFE, 21 rue DES CHEVREFEUILLES
PISAN, 21 rue CHRISTINE DE PISAN
COLOMB, 21 rue CHRISTOPHE COLOMB
CIGOGNES, 21 rue DES CIGOGNES
LACOMBE, 21 rue CLAIRE LACOMBE
SCHUMANN, 21 rue CLARA SCHUMANN
BERNARD, 21 rue CLAUDE BERNARD
BERTHOLL, 21 rue CLAUDE BERTHOLLET
CHAPPE, 21 rue CLAUDE CHAPPE
COMBES, 21 rue EMILE COMBES
DEBUSSY, 21 rue CLAUDE DEBUSSY
MONET, 21 rue CLAUDE MONET
PERRAULT, 21 rue CLAUDE PERRAULT
ADER, 21 rue CLEMENT ADER
MAROT, 21 rue CLEMENT MAROT
CLIPPER, 21 rue DU CLIPPER
FEUILLEE, 21 rue LE CLOS DE LA FEUILLEE
ETANG, 21 rue DU CLOS DE L ETANG
BROSSES, 21 rue DU CLOS DES BROSSES
DOFEUVRE, 21 rue DU CLOS DOFEUVRE
PARC, 21 rue LE CLOS DU GRAND PARC
UST, 21 rue DU CLOS D UST
HEMERY, 21 rue DU CLOS HEMERY
ROUILLAR, 21 rue DU CLOS ROUILLARD
CHARCOT, 21 rue COMMANDANT CHARCOT
COUSTEAU, 21 rue DU COMMANDANT COUSTEAU
HERMINIE, 21 rue CDT DE L HERMINIER
GATE, 21 rue CDT GATE
GATE, 21 rue DU CDT GUSTAVE GATE
COMMANDI, 21 rue DES COMMANDIERES
CLEMATIT, 21 rue DES CLEMATITES
COMMANDI, 21 rue DES COMMANDIERES
COMMANDO, 21 rue DU COMMANDO
COMMANDO, 21 rue DU COMMANDO
COMMERCE, 21 rue DU COMMERCE
COMMERCE, 21 rue DU COMMERCE
COMMERCE, 21 rue DU COMMERCE
PARIS, 21 rue DE LA COMMUNE DE PARIS
COQUARRI, 21 rue DES COQUARRIERES
COQUELIC, 21 rue DES COQUELICOTS
CORMIER, 21 rue DU CORMIER
CORMIER, 21 rue DU CORMIER
CORMORAN, 21 rue DES CORMORANS
COSTEBEL, 21 rue DE COSTEBELLE
ARGENT, 21 rue DE LA COTE D''ARGENT
OPALE, 21 rue DE LA COTE D''OPALE
EMERAUDE, 21 rue DE LA COTE D EMERAUDE
AMOUR, 21 rue DE LA COTE D AMOUR
JADE, 21 rue DE LA COTE DE JADE
NACRE, 21 rue DE LA COTE DE NACRE
COULETTE, 21 rue DES COULETTES
COULVE, 21 rue DE COULVE
COULVE, 21 rue DE COULVE
COURANCE, 21 rue DE LA COURANCE
COURANCE, 21 rue DE LA COURANCE
COURANCE, 21 rue DE LA COURANCE
COURANCE, 21 rue DE LA COURANCE
COURLIS, 21 rue DES COURLIS
PREVOT, 21 rue DU COURTIL PREVOT
CRAN, 21 rue DE CRAN
CRAN, 21 rue DE CRAN
NEUF, 21 rue DE CRAN NEUF
NEUF, 21 rue DE CRAN NEUF
GARDE, 21 rue DU CORPS DE GARDE
CROCUS, 21 rue DES CROCUS
CROISIC, 21 rue DU CROISIC
DUVIVIER, 21 rue JULIEN DUVIVIER
AMISSE, 21 rue DE LA CROIX AMISSE
AMISSE, 21 rue LA CROIX AMISSE
BERTHO, 21 rue DE LA CROIX BERTHO
MEAN, 21 rue DE LA CROIX DE MEAN
FRAICHE, 21 rue DE LA CROIX FRAICHE
CROMLECH, 21 rue DE CROMLECH
CUNEIX, 21 rue DE CUNEIX
DAHLIAS, 21 rue DES DAHLIAS
DAMES, 21 rue DES DAMES
AUBER, 21 rue DANIEL AUBER
MAYER, 21 rue DANIEL MAYER
CASANOVA, 21 rue DANIELLE CASANOVA
DANTON, 21 rue DANTON
DARSES, 21 rue DES DARSES
DAUPHINE, 21 rue DU DAUPHINE
DEMANGE, 21 rue DEMANGE
DEMANGE, 21 rue DEMANGE
DEMANGE, 21 rue DEMANGE
DARSES, 21 rue DES DARSES
DEMOISEL, 21 rue DES DEMOISELLES
DIDEROT, 21 rue DENIS DIDEROT
PAPIN, 21 rue DENIS PAPIN
DENTELIE, 21 rue DES DENTELIERES
DEPARTEM, 21 rue DEPARTEMENTAL 492 (RD492)
DERMURIE, 21 rue DE LA DERMURIE
TARTOUE, 21 rue DESIREE TARTOUE
LAUTREC, 21 rue DE TOULOUSE LAUTREC
SIECLES, 21 rue DES DEUX SIECLES
DIBAUCHE, 21 rue DE LA DIBAUCHETTE
COSTES, 21 rue DIEUDONNE COSTES
DISSIGNA, 21 rue DE DISSIGNAC
MARS, 21 rue PARC DU 19 MARS 1962
ROUX, 21 rue DU DOC PIERRE ROUX
LAENNEC, 21 rue DU DOC RENE LAENNEC
BICHAT, 21 rue DOCTEUR XAVIER BICHAT
SCHWEITZ, 21 rue DU DOCTEUR SCHWEITZER
DOLMEN, 21 rue DU DOLMEN
DOLMEN, 21 rue DU DOLMEN
DOLMEN, 21 rue DU DOLMEN
DOLMEN, 21 rue DU DOLMEN
DOLMEN, 21 rue DU DOLMEN
LARREY, 21 rue DOMINIQUE LARREY
DOUANIER, 21 rue DES DOUANIERS
CI, 21 rue DROITS DE L''HOMME ET DU CI
DRYADES, 21 rue DES DRYADES
URVILLE, 21 rue DUMONT D URVILLE
DUNEVESS, 21 rue DE LA DUNEVESSE
ECLUSE, 21 rue DE L ECLUSE
ECOBUTS, 21 rue DES ECOBUTS
ECOLIERS, 21 rue DES ECOLIERS
ECOTAIS, 21 rue DES ECOTAIS
ECUMIERE, 21 rue DE L ECUMIERE
EDELWEIS, 21 rue DES EDELWEISS
DEGAS, 21 rue EDGAR DEGAS
QUINET, 21 rue EDGAR QUINET
POE, 21 rue EDGAR POE
EDISON, 21 rue EDISON
PIAF, 21 rue EDITH PIAF
ABOUT, 21 rue EDMOND ABOUT
ROSTAND, 21 rue EDMOND ROSTAND
BRANLY, 21 rue EDOUARD BRANLY
VAILLANT, 21 rue EDOUARD VAILLANT
VAILLANT, 21 rue EDOUARD VAILLANT
JENNER, 21 rue EDWARD JENNER
EGLANTIN, 21 rue DES EGLANTINES
MEAN, 21 rue DE L EGLISE DE MEAN
FITZGERA, 21 rue ELLA FITZGERALD
EIDERS, 21 rue DES EIDERS
BROODCOO, 21 rue EMILE BROODCOORENS
BROODCOO, 21 rue EMILE BROODCOORENS
NEGRIN, 21 rue ELISEE NEGRIN 1903-1930
TRIOLET, 21 rue ELSA TRIOLET
COMBES, 21 rue EMILE COMBES
LITTRE, 21 rue EMILE LITTRE
LOUMEAU, 21 rue EMILE MICHEL LOUMEAU
OLLIVAUD, 21 rue EMILE OLLIVAUD
ZOLA, 21 rue EMILE ZOLA
BLANCHE, 21 rue DE L EPINE BLANCHE
ERABLES, 21 rue DES ERABLES
HEMINGWA, 21 rue ERNEST HEMINGWAY
LAVISSE, 21 rue ERNEST LAVISSE
RENAN, 21 rue ERNEST RENAN
RENAN, 21 rue ERNEST RENAN
EST, 21 rue EST
ETANG, 21 rue DE L ETANG
CHAILLON, 21 rue ETIENNE CHAILLON
CONDILLA, 21 rue ETIENNE DE CONDILLAC
DOLET, 21 rue ETIENNE DOLET
JODELLE, 21 rue ETIENNE JODELLE
ETIER, 21 rue DE L''ETIER
MATIN, 21 rue DE L''ETOILE DU MATIN
MATIN, 21 rue DE L ETOILE DU MATIN
CORNET, 21 rue EUGENE CORNET
DAVIERS, 21 rue EUGENE DAVIERS
DELACROI, 21 rue EUGENE DELACROIX
PEREIRE, 21 rue EUGENE PEREIRE
EUROPE, 21 rue DE L''EUROPE
EVENAS, 21 rue DES EVENAS
FAISANS, 21 rue DES FAISANS
FALAISE, 21 rue DE LA FALAISE
FAUVETTE, 21 rue DES FAUVETTES
FAUVETTE, 21 rue DES FAUVETTES
EBOUE, 21 rue FELIX EBOUE
BUISSON, 21 rue FERDINAND BUISSON
LESSEPS, 21 rue FERDINAND DE LESSEPS
MAGELLAN, 21 rue FERNAND DE MAGELLAN
GASNIER, 21 rue FERNAND GASNIER
NOUVION, 21 rue FERNAND NOUVION
PELLOUTI, 21 rue FERNAND PELLOUTIER
SIMON, 21 rue FIDELE SIMON
FIN, 21 rue DE LA FIN
FIN, 21 rue DE LA FIN
FLAMANTS, 21 rue DES FLAMANTS
FLORIDE, 21 rue DE LA FLORIDE
FONDELIN, 21 rue DE FONDELINE
FONDELIN, 21 rue DE FONDELINE
TRISTAN, 21 rue FLORA TRISTAN
NIGHTING, 21 rue FLORENCE NIGHTINGALE
NOYAU, 21 rue DE LA FONTAINE NOYAU
TUAUD, 21 rue DE LA FONTAINE TUAUD
FORGES, 21 rue DES FORGES
ECLUSE, 21 rue DE LA FORME ECLUSE
JOUBERT, 21 rue DE LA FORME JOUBERT
RADOUB, 21 rue DES FORMES DE RADOUB
FORT, 21 rue DU FORT
EVE, 21 rue DU FORT DE L EVE
EVE, 21 rue DU FORT DE L EVE
RADOUB, 21 rue DES FORMES DE RADOUB
MARTINEA, 21 rue DES FOSSES MARTINEAUX
FOUGERES, 21 rue DES FOUGERES
FOUR, 21 rue DU FOUR
PAIN, 21 rue DU FOUR A PAIN
BASSAN, 21 rue DES FOUS DE BASSAN
PRESSENS, 21 rue FRANCIS DE PRESSENSE
ARAGO, 21 rue FRANCOIS ARAGO
BLANCHO, 21 rue FRANCOIS BLANCHO
BOIELDIE, 21 rue FRANCOIS ADRIEN BOIELDIEU
BROUSSAI, 21 rue FRANCOIS BROUSSAIS
CHATEAUB, 21 rue FRANCOIS DE CHATEAUBRIAND
COPPEE, 21 rue FRANCOIS COPPEE
GOSSEC, 21 rue FRANCOIS GOSSEC
GUIZOT, 21 rue FRANCOIS GUIZOT
MADIOT, 21 rue FRANCOIS MADIOT
MARCEAU, 21 rue FRANCOIS MARCEAU
MARCEAU, 21 rue FRANCOIS MARCEAU
MITTERRA, 21 rue FRANCOIS MITTERRAND
GUIZOT, 21 rue FRANCOIS GUIZOT
RABELAIS, 21 rue FRANCOIS RABELAIS
RUDE, 21 rue FRANCOIS RUDE
TRUFFAUT, 21 rue FRANCOIS TRUFFAUT
VILLON, 21 rue FRANCOIS VILLON
VOLTAIRE, 21 rue FRANCOIS VOLTAIRE
DOLTO, 21 rue DU DR FRANCOISE DOLTO
SAGAN, 21 rue FRANCOISE SAGAN
ROOSEVEL, 21 rue FRANKLIN ROOSEVELT
SCHUBERT, 21 rue FRANZ SCHUBERT
FRATERNI, 21 rue DE LA FRATERNITE
FRECHAIL, 21 rue DES FRECHAILLES
FRECHAIL, 21 rue DES FRECHAILLES
FRECHETS, 21 rue DES FRECHETS
BAZILLE, 21 rue FREDERIC BAZILLE
ENGELS, 21 rue FREDERIC ENGELS
MISTRAL, 21 rue FREDERIC MISTRAL
FREGATES, 21 rue DES FREGATES
FREGATES, 21 rue DES FREGATES
FREGATES, 21 rue DES FREGATES
FREMAUDI, 21 rue DES FREMAUDIERES
FRENES, 21 rue DES FRENES
FRENES, 21 rue DES FRENES
BELLEC, 21 rue DES FRERES BELLEC
BERTHAUD, 21 rue DES FRERES BERTHAUD
GONCOURT, 21 rue FRERES DE GONCOURT
MONVOISI, 21 rue FRERES MONVOISIN
PEREIRE, 21 rue DES FRERES PEREIRE
GABARE, 21 rue DE LA GABARE
GABOUREL, 21 rue DES GABOURELLES
FAURE, 21 rue GABRIEL FAURE
COLETTE, 21 rue GABRIELLE COLETTE
PERI, 21 rue GABRIEL PERI
POULAIN, 21 rue GABRIEL POULAIN
GALION, 21 rue DU GALION
GARENNES, 21 rue DES GARENNES
GARNERIE, 21 rue DE LA GARNERIE
MONGE, 21 rue GASPARD MONGE
BONNIER, 21 rue GASTON BONNIER
GUILLORE, 21 rue GASTON GUILLORE
NASSIET, 21 rue GASTON NASSIET
GAULOISE, 21 rue GAULOISE
GAUVIGNE, 21 rue DES GAUVIGNETS
GAVY, 21 rue DE GAVY
GAVY, 21 rue DE GAVY
GAVY, 21 rue DE GAVY
GAULLE, 21 rue DU GENERAL DE GAULLE
SARRAIL, 21 rue DU GEN MAURICE DE SARRAIL
GENETS, 21 rue DES GENETS
ANDRE, 21 rue GEO ANDRE
GEORAMA, 21 rue DE GEORAMA
SAND, 21 rue GEORGE SAND
BENIGUEL, 21 rue GEORGES BENIGUEL
BIZET, 21 rue GEORGES BIZET
BRASSENS, 21 rue GEORGES BRASSENS
CHARPAK, 21 rue GEORGES CHARPAK
CLEMENCE, 21 rue GEORGES CLEMENCEAU
COURTELI, 21 rue GEORGES COURTELINE
CUVIER, 21 rue GEORGES CUVIER
DANTON, 21 rue GEORGES DANTON
DANTON, 21 rue GEORGES DANTON
BUFFON, 21 rue GEORGES DE BUFFON
ESCOULAN, 21 rue GEORGES ESCOULAN
GUYNEMER, 21 rue GEORGES GUYNEMER
MELIES, 21 rue GEORGES MELIES
PAPAUD, 21 rue GEORGES PAPAUD
ROLLAND, 21 rue GEORGES ROLLAND
THUAUD, 21 rue GEORGES THUAUD
MAREUIL, 21 rue GEORGES VILLEBOIS MAREUIL
PHILIPPA, 21 rue GEORGES PHILIPPAR
GERAUD, 21 rue DE GERAUD
LARDON, 21 rue GERMAINE LARDON
CANTRIE, 21 rue GIRARD DE LA CANTRIE
GLAIEULS, 21 rue DES GLAIEULS
GLYCINES, 21 rue DES GLYCINES
GOELANDS, 21 rue DES GOELANDS
GALERNE, 21 rue DE LA GALERNE
GOELETTE, 21 rue DE LA GOELETTE
GONLE, 21 rue DU GONLE
GONON, 21 rue DE GONON
GONON, 21 rue DE GONON
BELL, 21 rue GRAHAM BELL
AVALIX, 21 rue DU GRAND AVALIX
CHARPENT, 21 rue DU GRAND CHARPENTIER
AIGRETTE, 21 rue DE LA GRANDE AIGRETTE
FOSSE, 21 rue DU GRAND FOSSE
GAVY, 21 rue DU GRAND GAVY
JARDIN, 21 rue DU GRAND JARDIN
MARSAC, 21 rue DU GRAND MARSAC
MOULIN, 21 rue DU GRAND MOULIN
MOULIN, 21 rue DU GRAND MOULIN
ORMEAU, 21 rue DU GRAND ORMEAU
PARC, 21 rue DU GRAND PARC
PARC, 21 rue DU GRAND PARC
PRE, 21 rue DU GRAND PRE
PRE, 21 rue DU GRAND PRE
PUITS, 21 rue DES GRANDS PUITS
CHAMPS, 21 rue DES GRANDS CHAMPS
PUITS, 21 rue DES GRANDS PUITS
MOLES, 21 rue DES GRELIS   MOLES
GRENOUIL, 21 rue DES GRENOUILLERES
GUATEMAL, 21 rue DU GUATEMALA
GRILLON, 21 rue DU GRILLON
GUERANDE, 21 rue DE GUERANDE (RN771)
APOLLINA, 21 rue GUILLAUME APOLLINAIRE
GUILLEMO, 21 rue DES GUILLEMOTS
GUINDREF, 21 rue DE GUINDREFF
EIFFEL, 21 rue GUSTAVE EIFFEL
FLAUBERT, 21 rue GUSTAVE FLAUBERT
FLAUBERT, 21 rue GUSTAVE FLAUBERT
MAUPASSA, 21 rue GUY DE MAUPASSANT
SORIN, 21 rue GUY SORIN
GUYANE, 21 rue DE LA GUYANE
HAITI, 21 rue D HAITI
HALLES, 21 rue PARC DES HALLES
HALLES, 21 rue DES HALLES
HARLES, 21 rue DES HARLES
BRANCIEU, 21 rue DU HAUT BRANCIEUX
ROCHER, 21 rue DU HAUT ROCHER
HAVANE, 21 rue DE LA HAVANE
BERLIOZ, 21 rue HECTOR BERLIOZ
HEINLEX, 21 rue D''HEINLEX
BOUCHER, 21 rue HELENE BOUCHER
BARBUSSE, 21 rue HENRI BARBUSSE
BECQUERE, 21 rue HENRI BECQUEREL
BERGSON, 21 rue HENRI BERGSON
BRISSON, 21 rue HENRI BRISSON
DECOIN, 21 rue HENRI DECOIN
MONFREID, 21 rue HENRI DE MONFREID
FOGEL, 21 rue HENRI FOGEL
GAUTIER, 21 rue HENRI GAUTIER
GAUTIER, 21 rue HENRI GAUTIER
CLOUZOT, 21 rue HENRI GEORGES CLOUZOT
LAVENANT, 21 rue HENRI LAVENANT
DEAN, 21 rue HENRI LE DEAN
MATISSE, 21 rue HENRI MATISSE
POINCARE, 21 rue HENRI POINCARE
SELLIER, 21 rue HENRI SELLIER
SOULAS, 21 rue HENRI SOULAS
VANDERNO, 21 rue HENRI VANDERNOTTE
HERBINS, 21 rue D HERBINS
HETRES, 21 rue DES HETRES
HIBISCUS, 21 rue DES HIBISCUS
HIBISCUS, 21 rue DES HIBISCUS
EUROPE, 21 rue DE L EUROPE
HIPPODRO, 21 rue DE L HIPPODROME
DURAND, 21 rue HIPPOLYTE DURAND
HIRONDEL, 21 rue DES HIRONDELLES
HONDURAS, 21 rue DU HONDURAS
DAUMIER, 21 rue HONORE DAUMIER
BALZAC, 21 rue HONORE DE BALZAC
MIRABEAU, 21 rue HONORE DE MIRABEAU
HOPITAL, 21 rue DE L HOPITAL (RN771)
HOPITAL, 21 rue DE L HOPITAL
HORTENSI, 21 rue DES HORTENSIAS
HOUSSAIE, 21 rue DE LA HOUSSAIE
MAI, 21 rue DES 8 ET 11 MAI 1945
IFS, 21 rue DES IFS
BOISSONN, 21 rue ILE DE LA BOISSONNERIE
ARMANGEO, 21 rue DE L''ILE D''ARMANGEO
FRANCE, 21 rue DE L ILE DE FRANCE
NICOLAS, 21 rue DE L''ILE DES NICOLAS
JACQUETT, 21 rue DE L ILE JACQUETTE
FRECHAIL, 21 rue DE L''ILE DES FRECHAILLES
MERS, 21 rue DE L ILE DES MERS
NOELES, 21 rue DE L''ILE DES NOELES
RETON, 21 rue DE L ILE DE RETON
ROCHELLE, 21 rue DE L ILE DES ROCHELLES
ROCHELLE, 21 rue DE L ILE DES ROCHELLES
LEAUFOUI, 21 rue DE L ILE DE LEAUFOUIS
ETIER, 21 rue DE L''ILE DE L''ETIER
ETIER, 21 rue DE L ILE DE L ETIER
BIGNON, 21 rue DE L ILE DU BIGNON
BOURDI, 21 rue DE L''ILE DE BOURDI
LIN, 21 rue DE L ILE DU LIN
MARY, 21 rue DE L''ILE DU MARY
MOULIN, 21 rue DE L ILE DU MOULIN
PASSOUER, 21 rue DE L ILE DU PASSOUER
PE, 21 rue DE L ILE DU PE
GARREAU, 21 rue DE L''ILE DU PRE GARREAU
INDUSTRI, 21 rue DE L INDUSTRIE
INFIRMIE, 21 rue DES INFIRMIERES
BERGMAN, 21 rue INGRID BERGMAN
IRIS, 21 rue DES IRIS
NEWTON, 21 rue ISAAC NEWTON
ISAU, 21 rue DE L''ISAU
ISAU, 21 rue DE L ISAU
BOURBON, 21 rue ISLE BOURBON
RIVAUX, 21 rue DE L ISLE DES RIVAUX
JACINTHE, 21 rue DES JACINTHES
BECKER, 21 rue JACQUES BECKER
CARTIER, 21 rue JACQUES CARTIER
CASSARD, 21 rue JACQUES CASSARD
DAGUERRE, 21 rue JACQUES DAGUERRE
DAVID, 21 rue JACQUES DAVID
JOLLINIE, 21 rue JACQUES JOLLINIER
NECKER, 21 rue JACQUES NECKER
OFFENBAC, 21 rue JACQUES OFFENBACH
BOLLARDI, 21 rue J PARIS DE LA BOLLARDIERE
PREVERT, 21 rue JACQUES PREVERT
TATI, 21 rue JACQUES TATI
JASMINS, 21 rue DES JASMINS
JAMAIQUE, 21 rue DE LA JAMAIQUE
COROT, 21 rue JEAN BAPTISTE CAMILL COROT
COLBERT, 21 rue JEAN BAPTISTE COLBERT
GREUZE, 21 rue JEAN BAPTISTE GREUZE
JOURDAN, 21 rue JEAN BAPTISTE JOURDAN
LAMARCK, 21 rue JEAN BAPTISTE LAMARCK
LULLI, 21 rue JEAN BAPTISTE LULLI
MOLIERE, 21 rue JEAN BAPTISTE MOLIERE
TREILHAR, 21 rue JEAN BAPTISTE TREILHARD
BART, 21 rue JEAN BART
BAUDIN, 21 rue JEAN BAUDIN
BEAUVILA, 21 rue JEAN BEAUVILAIN
BOUIN, 21 rue JEAN BOUIN
COCTEAU, 21 rue JEAN COCTEAU
CORVISAR, 21 rue JEAN CORVISART
ALEMBERT, 21 rue JEAN D ALEMBERT
DAURAT, 21 rue JEAN DAURAT
BRUYERE, 21 rue JEAN DE LA BRUYERE
FONTAINE, 21 rue JEAN DE LA FONTAINE
NEYMAN, 21 rue JEAN DE NEYMAN
NEYMAN, 21 rue JEAN DE NEYMAN
GIRAUDOU, 21 rue JEAN GIRAUDOUX
GUTENBER, 21 rue JEAN GUTENBERG
HAAS, 21 rue JEAN HAAS
DUNANT, 21 rue JEAN HENRI DUNANT
JACOTOT, 21 rue JEAN JACOTOT
AUDUBON, 21 rue JEAN JACQUES AUDUBON
ROUSSEAU, 21 rue JEAN-JACQUES ROUSSEAU
JAURES, 21 rue JEAN JAURES
JAURES, 21 rue JEAN JAURES
JAURES, 21 rue JEAN JAURES
MOUNIER, 21 rue JEAN JOSEPH MOUNIER
MACE, 21 rue JEAN MACE
MARAT, 21 rue JEAN MARAT
PERRET, 21 rue JEAN MARIE PERRET
MERMOZ, 21 rue JEAN MERMOZ
CHAUVIN, 21 rue JEANNE CHAUVIN
ARC, 21 rue JEANNE D ARC
ARC, 21 rue JEANNE D ARC
SARTRE, 21 rue JEAN PAUL SARTRE
RAMEAU, 21 rue JEAN PHILIPPE RAMEAU
DUFREXOU, 21 rue JEAN PIERRE DUFREXOU
MELVILLE, 21 rue JEAN PIERRE MELVILLE
PIGNIER, 21 rue JEAN PIGNIER
RACINE, 21 rue JEAN RACINE
RICHEPIN, 21 rue JEAN RICHEPIN
BAILLY, 21 rue JEAN SYLVAIN BAILLY
BARRET, 21 rue JEANNE BARRET
BELLAY, 21 rue JOACHIM DU BELLAY
COLTRANE, 21 rue JOHN COLTRANE
SCOTT, 21 rue JOHN SCOTT
PASSOS, 21 rue JOHN DOS PASSOS
JONQUILL, 21 rue DES JONQUILLES
BARNAVE, 21 rue JOSEPH BARNAVE
BLANCHAR, 21 rue JOSEPH BLANCHARD
MONTGOLF, 21 rue JOSEPH ET E. MONTGOLFIER
JACQUART, 21 rue JOSEPH JACQUART
LAKANAL, 21 rue JOSEPH LAKANAL
BRIX, 21 rue JOSEPH LE BRIX
DELEZIR, 21 rue JOSEPH LE DELEZIR
BUSSON, 21 rue JULES BUSSON
FAVRE, 21 rue JULES FAVRE
FENELON, 21 rue JULES FENELON
GUESDE, 21 rue JULES GUESDE
MANSART, 21 rue JULES MANSART
MASSENET, 21 rue JULES MASSENET
MICHELET, 21 rue JULES MICHELET
RENARD, 21 rue JULES RENARD
ROMAINS, 21 rue JULES ROMAINS
SANDEAU, 21 rue JULES SANDEAU
SIMON, 21 rue JULES SIMON
VALLES, 21 rue JULES VALLES
VALLES, 21 rue JULES VALLES
VERNE, 21 rue JULES VERNE
DAUBIE, 21 rue JULIE DAUBIE
KERBRUN, 21 rue DE KERBRUN
DAVID, 21 rue DE KER DAVID
FAOUET, 21 rue DE KER FAOUET
FAOUET, 21 rue DE KER FAOUET
KRIBI, 21 rue DE KRIBI
LAENNEC, 21 rue LAENNEC
LAITERIE, 21 rue DE LA LAITERIE
LAMBARDE, 21 rue DE LA LAMBARDE
LAMBERDE, 21 rue DE LA LAMBERDERIE
CLEUX, 21 rue DE LA LANDE DE CLEUX
LANDES, 21 rue DES LANDES
BRAIS, 21 rue DES LANDES DE BRAIS
MURES, 21 rue DES LANDES AUX MURES
LANDETTE, 21 rue DES LANDETTES
LANDETTE, 21 rue DES LANDETTES
JUIN, 21 rue DU 18 JUIN 1940
LANDREAU, 21 rue DU LANDREAU
PEROUSE, 21 rue LA PEROUSE
LAURIERS, 21 rue DES LAURIERS
LAVOIR, 21 rue DU LAVOIR
HOCHE, 21 rue LAZARE HOCHE
LEAUFOUI, 21 rue DE LEAUFOUIS
HONNEUR, 21 rue DE LA LEGION D''HONNEUR
LAGRANGE, 21 rue LEO LAGRANGE
VINCI, 21 rue LEONARD DE VINCI
VINCI, 21 rue LEONARD DE VINCI
BLUM, 21 rue LEON BLUM
BOURGEOI, 21 rue LEON BOURGEOIS
FOUCAULT, 21 rue LEON FOUCAULT
GAMBETTA, 21 rue LEON GAMBETTA
JOUHAUX, 21 rue LEON JOUHAUX
LERIOUX, 21 rue DU LERIOUX
LERIOUX, 21 rue DU LERIOUX
LESNAIS, 21 rue DE LESNAIS
LIBERATI, 21 rue DE LA LIBERATION
LIBERATI, 21 rue DE LA LIBERATION
LIBERATI, 21 rue DE LA LIBERATION
LIBERTE, 21 rue DE LA LIBERTE
LIERRES, 21 rue DES LIERRES
LILAS, 21 rue DES LILAS
LOIRE, 21 rue DE LA LOIRE
APPERE, 21 rue LOUIS APPERE
ARAGON, 21 rue LOUIS ARAGON
BLANC, 21 rue LOUIS BLANC
BLANQUI, 21 rue LOUIS BLANQUI
BLERIOT, 21 rue LOUIS BLERIOT
BOURDALO, 21 rue LOUIS BOURDALOUE
BRAILLE, 21 rue LOUIS BRAILLE
BREGUET, 21 rue LOUIS BREGUET
BRICHAUX, 21 rue LOUIS BRICHAUX
CARRE, 21 rue LOUIS CARRE
DELLUC, 21 rue LOUIS DELLUC
DAQUIN, 21 rue LOUIS DAQUIN
DELZIEUX, 21 rue LOUIS DELZIEUX
LUSSAC, 21 rue LOUIS JOSEPH GAY LUSSAC
LUMIERE, 21 rue LOUIS LUMIERE
NEEL, 21 rue LOUIS NEEL
PASTEUR, 21 rue LOUIS PASTEUR
PERGAUD, 21 rue LOUIS PERGAUD
SEGUIN, 21 rue LOUIS SEGUIN
THENARD, 21 rue LOUIS THENARD
MICHEL, 21 rue LOUISE MICHEL
MICHEL, 21 rue LOUISE MICHEL
WEISS, 21 rue LOUISE WEISS
BOBET, 21 rue LOUISON BOBET
VAUVENAR, 21 rue LUC VAUVENARGUES
LYS, 21 rue DES LYS
MACAREUX, 21 rue DES MACAREUX
SEGUR, 21 rue MADAME DE SEGUR
SEVIGNE, 21 rue MADAME DE SEVIGNE
STAEL, 21 rue MADAME DE STAEL
MAINE, 21 rue DU MAINE
MAGNOLIA, 21 rue DES MAGNOLIAS
BRES, 21 rue MADELEINE BRES
NANTAISE, 21 rue DE LA MAISON NANTAISE
SEPTEMBE, 21 rue DULCIE SEPTEMBER
REBERIOU, 21 rue MADELEINE REBERIOUX
GALLEN, 21 rue MADELEINE BIREMBAUT-GALLEN
MAHDIA, 21 rue DE MAHDIA
UST, 21 rue DU MARAIS D UST
ALLEGRET, 21 rue MARC ALLEGRET
ACHARD, 21 rue MARCEL ACHARD
CARNE, 21 rue MARCEL CARNE
PAGNOL, 21 rue MARCEL PAGNOL
PAUL, 21 rue MARCEL PAUL
SEMBAT, 21 rue MARCEL SEMBAT
BERTHELO, 21 rue MARCELIN BERTHELOT
MARCHE, 21 rue PARC DU MARCHE
MARCHE, 21 rue DU MARCHE
DURAS, 21 rue MARGUERITE DURAS
SANGNIER, 21 rue MARC SANGNIER
VERONE, 21 rue MARIA VERONE
CALLAS, 21 rue MARIA CALLAS
MAREES, 21 rue DES MAREES
THOMAS, 21 rue DES MARES THOMAS
MAREES, 21 rue DES MAREES
SANGER, 21 rue MARGARET SANGER
YOURCENA, 21 rue MARGUERITE YOURCENAR
MARGUERI, 21 rue DES MARGUERITES
DERAISME, 21 rue MARIA DERAISMES
MOLLE, 21 rue MARIE JOSEPH MOLLE
MARRONNI, 21 rue DES MARRONNIERS
MARONI, 21 rue DU MARONI
PHISALIX, 21 rue MARIE PHISALIX
MARSAC, 21 rue DE MARSAC
MARSAIN, 21 rue MARSAIN
KING, 21 rue MARTIN LUTHER KING
RESISTAN, 21 rue MARTYRS RESISTANCE
CASSATT, 21 rue MARY CASSATT
BASTIE, 21 rue MARYSE BASTIE
MATTE, 21 rue DE LA MATTE
MAUDES, 21 rue DE MAUDES
GARIN, 21 rue MAURICE GARIN
MAUMENEE, 21 rue MAURICE MAUMENEE
JACOB, 21 rue MAX JACOB
ROBESPIE, 21 rue MAXIMILIEN DE ROBESPIERRE
MEAN, 21 rue DE MEAN
MELEZES, 21 rue DES MELEZES
MENAUDOU, 21 rue DU MENAUDOUX
MENHIR, 21 rue DU MENHIR
CORAIL, 21 rue DE LA MER DE CORAIL
IROISE, 21 rue DE LA MER D''IROISE
MERVENT, 21 rue DU MERVENT
MERMOZ, 21 rue MERMOZ
MESANGES, 21 rue DES MESANGES
MEAN, 21 rue DE MEAN
ARMANGEO, 21 rue DE LA METAIRIE D''ARMANGEO
MEXICO, 21 rue DE MEXICO
FARADAY, 21 rue MICHAEL FARADAY
ANGE, 21 rue MICHEL ANGE
ANGE, 21 rue MICHEL ANGE
MONTAIGN, 21 rue MICHEL DE MONTAIGNE
PETRUCCI, 21 rue MICHEL PETRUCCIANI
DAVIS, 21 rue MILES DAVIS
MILLAUDS, 21 rue DES MILLAUDS
MILLAUX, 21 rue DES MILLAUX
MIMOSAS, 21 rue DES MIMOSAS
MISSAUDI, 21 rue DE LA MISSAUDIERE
MOISSONN, 21 rue DE LA MOISSONNERIE
MONTAGNE, 21 rue DE LA MONTAGNE
MOTTAIS, 21 rue DES MOTTAIS
MOTTAIS, 21 rue DES MOTTAIS
ALLEMAND, 21 rue DE LA MOTTE ALLEMAND
MOUETTES, 21 rue DES MOUETTES
BUTTE, 21 rue MOULIN DE LA BUTTE
NOE, 21 rue DU MOULIN DE LA NOE
PE, 21 rue DU MOULIN DU PE
ROCHELLE, 21 rue DU MOULIN DES ROCHELLES
MUGUET, 21 rue DU MUGUET
MULES, 21 rue DES MULES
MULES, 21 rue DES MULES
MUTUALIT, 21 rue DE LA MUTUALITE
MUTUALIT, 21 rue DE LA MUTUALITE
MYOSOTIS, 21 rue DES MYOSOTIS
BOULANGE, 21 rue NADIA BOULANGER
NANTAIS, 21 rue DU NANTAIS
N171, 21 rue R N N171
NATURE, 21 rue DE LA NATURE
NENUPHAR, 21 rue DES NENUPHARS
NEPTUNE, 21 rue NEPTUNE
NEUVE, 21 rue NEUVE
NICARAGU, 21 rue DU NICARAGUA
NIEPCE, 21 rue NICEPHORE NIEPCE
BOILEAU, 21 rue NICOLAS BOILEAU
COPERNIC, 21 rue NICOLAS COPERNIC
SIMONE, 21 rue NINA SIMONE
ARMANGEO, 21 rue DE LA NOE D ARMANGEO
ARMANGEO, 21 rue DE LA NOE D ARMANGEO
NOES, 21 rue DES NOES
NOMADES, 21 rue DES NOMADES
NOISETIE, 21 rue DES NOISETIERS
NORMANDI, 21 rue DE NORMANDIE
NIEMEN, 21 rue DE NORMANDIE NIEMEN
NOUETTES, 21 rue DES NOUETTES
MONDE, 21 rue DU NOUVEAU MONDE
COLI, 21 rue NUNGESSER ET COLI
OBLIQUE, 21 rue OBLIQUE
RIVAUX, 21 rue DE L ISLE DES RIVAUX
OCEAN, 21 rue DE L OCEAN
OCEAN, 21 rue DE L OCEAN
OCEANIS, 21 rue OCEANIS
PUIGAUDE, 21 rue ODETTE DE PUIGAUDEAU
GOUGES, 21 rue OLYMPE DE GOUGES
ORCHIDEE, 21 rue DES ORCHIDEES
VAL, 21 rue DE L''OREE DU VAL
ORMES, 21 rue DES ORMES
OUESSANT, 21 rue D OUESSANT
PAIX, 21 rue DE LA PAIX
PAJODIER, 21 rue DE LA PAJODIERE
PALAIS, 21 rue DU PALAIS
PAQUERET, 21 rue DES PAQUERETTES
EAU, 21 rue DU PARC A L EAU
FONTAINE, 21 rue DU PARC FONTAINE
NICOLAS, 21 rue DU PAS NICOLAS
PASSOUER, 21 rue DU PASSOUER
PASSOUER, 21 rue DE PASSOUER
BERT, 21 rue PAUL BERT
BROUSSE, 21 rue PAUL BROUSSE
CEZANNE, 21 rue PAUL CEZANNE
CLAUDEL, 21 rue PAUL CLAUDEL
GAUGUIN, 21 rue PAUL GAUGUIN
GAUGUIN, 21 rue PAUL GAUGUIN
LANGEVIN, 21 rue PAUL LANGEVIN
LEFERME, 21 rue PAUL LEFERME
MALNOE, 21 rue PAUL MALNOE
NIZAN, 21 rue PAUL NIZAN 1905-1940
PERRIN, 21 rue PAUL PERRIN
PERRIN, 21 rue PAUL PERRIN
VALERY, 21 rue PAUL VALERY
VERLAINE, 21 rue PAUL VERLAINE
VICTOR, 21 rue PAUL-EMILE VICTOR
PECHEURS, 21 rue DES PECHEURS
PELICANS, 21 rue DES PELICANS
BUCK, 21 rue PEARL BUCK
PECQ, 21 rue DU PECQ
PENHOET, 21 rue DE PENHOET
PENHOET, 21 rue DE PENHOET
PENHOET, 21 rue DE PENHOET
PEPINIER, 21 rue DE LA PEPINIERE
PERDRIX, 21 rue DES PERDRIX
PERRIERE, 21 rue DE LA PERRIERE
PERTUIS, 21 rue DU PERTUIS
PENGOT, 21 rue DE PENGOT
PERTHUIS, 21 rue DU PERTHUISCHAUD
PERVENCH, 21 rue DES PERVENCHES
BOIS, 21 rue DU PETIT BOIS
BOIS, 21 rue DU PETIT BOIS
BRETON, 21 rue PETIT BRETON
GAVY, 21 rue DU PETIT GAVY
LERIOUX, 21 rue DU PETIT LERIOUX
MARSAC, 21 rue DU PETIT MARSAC
CALIFORN, 21 rue DE LA PETITE CALIFORNIE
PATURE, 21 rue DE LA PTE PATURE
PATURE, 21 rue DE LA PETITE PATURE
USINE, 21 rue DE LA PETITE USINE
PETRELS, 21 rue DES PETRELS
PEUPLIER, 21 rue DES PEUPLIERS
BANCHE, 21 rue DU PHARE DE LA BANCHE
PORCE, 21 rue DU PHARE DE PORCE
DELORME, 21 rue PHILIBERT DELORME
LEBON, 21 rue PHILIPPE LEBON
PIERRE, 21 rue DE LA PIERRE
BELON, 21 rue PIERRE BELON
BOURDAN, 21 rue PIERRE BOURDAN
BROSSOLE, 21 rue PIERRE BROSSOLETTE
BROUSSON, 21 rue PIERRE BROUSSONET
CURIE, 21 rue PIERRE CURIE
BAYARD, 21 rue PIERRE DE BAYARD
BEAUMARC, 21 rue PIERRE DE BEAUMARCHAIS
COUBERTI, 21 rue PIERRE DE COUBERTIN
MARIVAUX, 21 rue PIERRE DE MARIVAUX
MAUPERTU, 21 rue PIERRE DE MAUPERTUIS
DENION, 21 rue DE LA PIERRE DENION
DENION, 21 rue DE LA PIERRE DENION
RONSARD, 21 rue PIERRE DE RONSARD
RONARC, 21 rue PIERRE JEAN RONARC''H
LAPLACE, 21 rue PIERRE LAPLACE
LAROUSSE, 21 rue PIERRE LAROUSSE
LEPINE, 21 rue PIERRE LEPINE
LOTI, 21 rue PIERRE LOTI
LOYGUE, 21 rue PIERRE LOYGUE
JURET, 21 rue PIERRE MARIE JURET
FRANCE, 21 rue PIERRE MENDES FRANCE
PERCEE, 21 rue PIERRE PERCEE
SEMARD, 21 rue PIERRE SEMARD
VERGNIAU, 21 rue PIERRE VERGNIAUD
ROUSSEAU, 21 rue PIERRE WALDECK ROUSSEAU
PIERRERI, 21 rue DES PIERRERIES
PIETINS, 21 rue DES PIETINS
PINGOUIN, 21 rue DES PINGOUINS
PINSONS, 21 rue DES PINSONS
GRENAPIN, 21 rue PITRE GRENAPIN
PLAGE, 21 rue DE LA PLAGE
PLATANES, 21 rue DES PLATANES
PLAISANC, 21 rue DE PLAISANCE
PLAISANC, 21 rue DE PLAISANCE
PLESSIS, 21 rue DU PLESSIS
PLESSIS, 21 rue DU PLESSIS
PLONGEON, 21 rue DES PLONGEONS
PLUVIERS, 21 rue DES PLUVIERS
LESNAIS, 21 rue DU PONT DE LESNAIS
LESNAIS, 21 rue DU PONT DE LESNAIS
JOUR, 21 rue DU POINT DU JOUR
BRIEN, 21 rue DE PONT BRIEN
BOULLET, 21 rue DU PONT BOULLET
ROULANT, 21 rue DU PONT ROULANT
PONT, 21 rue DU PONT D Y
PORCE, 21 rue DE PORCE
PORNICHE, 21 rue DE PORNICHET
ROULANT, 21 rue DU PONT ROULANT
MEAN, 21 rue DU PORT DE MEAN
PORT, 21 rue DU PORT
MEAN, 21 rue DU PORT DE MEAN
CHARLOTT, 21 rue DE PORT CHARLOTTE
HAUTS, 21 rue DES POULS HAUTS
ROCHELLE, 21 rue LA PRAIRIE DES ROCHELLES
PRAZILLO, 21 rue DU PRAZILLON
PRASILLO, 21 rue DU PRASILLON
PRAZILLO, 21 rue DU PRAZILLON
CRAN, 21 rue DU PRE DE CRAN
CHAMPS, 21 rue DU PRE DES CHAMPS
HEMBERT, 21 rue DU PRE HEMBERT
PACAUX, 21 rue DES PRES PACAUX
WILSON, 21 rue PRESIDENT WILSON
PREVAUTE, 21 rue DE LA PREVAUTE
PREVOIR, 21 rue DE PREVOIR
PREZEGAT, 21 rue DE PREZEGAT
PRIMEVER, 21 rue DES PRIMEVERES
PRIMEVER, 21 rue DES PRIMEVERES
EAU, 21 rue DE LA PRISE D EAU
EAU, 21 rue DE LA PRISE D EAU
EAU, 21 rue DE LA PRISE D EAU
CALMETTE, 21 rue DU DOCTEUR ALBERT CALMETTE
TOUPIN, 21 rue PROSPER TOUPIN
MAREES, 21 rue DU QUAI DES MAREES
HORLOGES, 21 rue DES QUATRE Z''HORLOGES
VENTS, 21 rue DES QUATRE VENTS
QUEBRAIS, 21 rue DES QUEBRAIS
QUELMER, 21 rue DE QUELMER
QUEMENEA, 21 rue DU QUEMENEAU
RAMPE, 21 rue DE LA RAMPE
DUFY, 21 rue RAOUL DUFY
RATEAU, 21 rue DU RATEAU
REJANNER, 21 rue DE LA REJANNERIE
RELAIS, 21 rue DU RELAIS
RENAISSA, 21 rue DE LA RENAISSANCE
CANCOIS, 21 rue RENE CANCOIS
CASSIN, 21 rue RENE CASSIN
CLAIR, 21 rue RENE CLAIR
COTY, 21 rue RENE COTY
DESCARTE, 21 rue RENE DESCARTES
TROUIN, 21 rue RENE DUGUAY TROUIN
GUILLOUZ, 21 rue RENE GUILLOUZO
GUILLOUZ, 21 rue RENE GUILLOUZO
GUILLOUZ, 21 rue RENE GUILLOUZO
GUILLOUZ, 21 rue RENE GUILLOUZO
CADOU, 21 rue RENE GUY CADOU
HALLUARD, 21 rue RENE HALLUARD
LESAGE, 21 rue RENE LESAGE
REAUMUR, 21 rue RENE REAUMUR
ROSS, 21 rue RENE ROSS
RENONCUL, 21 rue DES RENONCULES
REPUBLIQ, 21 rue DE LA REPUBLIQUE
RETON, 21 rue DE RETON
RETON, 21 rue DE RETON
RIVIERE, 21 rue DE LA RIVIERE
CHOMETTE, 21 rue ROBERT CHOMETTE
LELANT, 21 rue ROBERT LELANT
SURCOUF, 21 rue ROBERT SURCOUF
ROCHES, 21 rue DES ROCHES
ROCHELLE, 21 rue DES ROCHELLES
ROCHELLE, 21 rue DES ROCHELLES
ROCHELLE, 21 rue DES ROCHELLES
LION, 21 rue DU ROCHER DU LION
NOIRES, 21 rue DES ROCHES NOIRES
SALENGRO, 21 rue ROGER SALENGRO
SCHNEIDE, 21 rue ROMY SCHNEIDER
GARROS, 21 rue ROLAND GARROS
ROSEAUX, 21 rue DES ROSEAUX
PARKS, 21 rue ROSA PARKS
ROSES, 21 rue DES ROSES
ROSIERES, 21 rue DES ROSIERES
ROSIERES, 21 rue DES ROSIERES
ROUILLAR, 21 rue DE LA ROUILLARDERIE
ROUSSILL, 21 rue DU ROUSSILLON
BLANCS, 21 rue DES SABLES BLANCS
OR, 21 rue DU SABOT D OR
LECOINTE, 21 rue SADI LECOINTE
SAGAUDER, 21 rue DE LA SAGAUDERIE
ACACIAS, 21 rue DES ACACIAS
SAILLE, 21 rue DE SAILLE
SALICAIR, 21 rue DES SALICAIRES
EAUX, 21 rue DE SAINT ANDRE DES EAUX
BEUVE, 21 rue SAINTE BEUVE
EUGENE, 21 rue DE SAINT EUGENE
HUBERT, 21 rue DE SAINT HUBERT
JUST, 21 rue SAINT JUST
MARC, 21 rue DE SAINT MARC
NAZAIRE, 21 rue DE SAINT NAZAIRE
SEBASTIE, 21 rue DE SAINT SEBASTIEN
SAINTONG, 21 rue DE SAINTONGE
ALLENDE, 21 rue SALVATORE ALLENDE
BECKETT, 21 rue SAMUEL BECKETT
CHAMPLAI, 21 rue SAMUEL CHAMPLAIN
SANSIVES, 21 rue DES SANSIVES
SANTANDE, 21 rue DE SANTANDER
BERNHARD, 21 rue SARAH BERNHARDT
SAPINS, 21 rue DES SAPINS
SARRELOU, 21 rue DE SARRELOUIS
VAUGHAN, 21 rue SARAH VAUGHAN
SAULES, 21 rue DES SAULES
LOUP, 21 rue DU SAUT DU LOUP
LOUP, 21 rue DU SAUT DU LOUP
SETRAIE, 21 rue DE LA SETRAIE
SEVERINE, 21 rue SEVERINE
BEAUVOIR, 21 rue SIMONE DE BEAUVOIR
SIGNORET, 21 rue SIMONE SIGNORET
WEIL, 21 rue SIMONE WEIL
SIRIFF, 21 rue DE SIRIFF
SIROCCO, 21 rue DU SIROCCO
CHEMINS, 21 rue DES SIX CHEMINS
LEVANT, 21 rue DU SOLEIL LEVANT
LEVANT, 21 rue DU SOLEIL LEVANT
GERMAIN, 21 rue SOPHIE GERMAIN
SORBIERS, 21 rue DES SORBIERS
SOURCE, 21 rue DE LA SOURCE
SOPHORAS, 21 rue DES SOPHORAS
FRANCAIS, 21 rue DU SOUVENIR FRANCAIS
SPORTS, 21 rue DES SPORTS
PORCE, 21 rue DU STADE DE PORCE
GETZ, 21 rue STAN GETZ
STALINGR, 21 rue DE STALINGRAD
STALINGR, 21 rue DE STALINGRAD
STENDHAL, 21 rue STENDHAL
MALLARME, 21 rue STEPHANE MALLARME
GRAPPELL, 21 rue STEPHANE GRAPPELLI
STERNES, 21 rue DES STERNES
SUFFREN, 21 rue DE SUFFREN
SUNDERLA, 21 rue SUNDERLAND
LACORE, 21 rue SUZANNE LACORE
LENGLEN, 21 rue SUZANNE LENGLEN
VALADON, 21 rue SUZANNE VALADON
BECHET, 21 rue SYDNEY BECHET
TALWEG, 21 rue DU TALWEG
TAMARIS, 21 rue DES TAMARIS
MERICOUR, 21 rue THEROIGNE DE MERICOURT
BOTREL, 21 rue THEODORE BOTREL
LEFEBVRE, 21 rue THEOPHILE LEFEBVRE
LEFEBVRE, 21 rue THEOPHILE LEFEBVRE
LEFEBVRE, 21 rue THEOPHILE LEFEBVRE
EDISON, 21 rue THOMAS EDISON
TILLEULS, 21 rue DES TILLEULS
TISSERAN, 21 rue DES TISSERANDS
TONNELIE, 21 rue DES TONNELIERS
TOURAINE, 21 rue DE TOURAINE
COMMERCE, 21 rue DE LA TOUR DU COMMERCE
AIDES, 21 rue DE TOUTES AIDES
AIDES, 21 rue DE TOUTES AIDES
TRAICT, 21 rue DU TRAICT
TRAMONTA, 21 rue DE LA TRAMONTANE
TREBALE, 21 rue DE TREBALE
TREBALE, 21 rue DE LA TREBALE
TREBEZY, 21 rue DE TREBEZY
TREFFEAC, 21 rue DE TREFFEAC
TREGONNA, 21 rue DE LA TREGONNAIS
TREGOUET, 21 rue DE TREGOUET
TREVELAN, 21 rue DE TREVELAN
TRIGNAC, 21 rue DE TRIGNAC
TRIGNAC, 21 rue DE TRIGNAC
TRINITE, 21 rue DE LA TRINITE
TROENES, 21 rue DES TROENES
TULIPES, 21 rue DES TULIPES
TURENNE, 21 rue DE TURENNE
VALLIOUX, 21 rue DU VALLIOUX
UNIVERSI, 21 rue DE L UNIVERSITE
VANNEAUX, 21 rue DES VANNEAUX
GAMA, 21 rue VASCO DE GAMA
VECQUERI, 21 rue DE LA VECQUERIE
VELODROM, 21 rue DU VELODROME
VENETES, 21 rue DES VENETES
KREISTEI, 21 rue DE L AVEL KREISTEIL
CRUZ, 21 rue DE LA VERA CRUZ
VERDUN, 21 rue DE VERDUN
VERT, 21 rue VERT
BOUET, 21 rue VICTOR BOUET
HUGO, 21 rue VICTOR HUGO
MARRE, 21 rue VICTOR MARRE
MARRE, 21 rue VICTOR MARRE
VILLE, 21 rue DE LA VIEILLE VILLE
VIEILLE, 21 rue DE LA VIEILLE ENTREE
EGLISE, 21 rue DE LA VIEILLE EGLISE
VIEILLE, 21 rue DE LA VIEILLE ENTREE
VILLE, 21 rue DE LA VIEILLE VILLE
VILLE, 21 rue DE LA VIEILLE VILLE
CLOS, 21 rue DES VIGNES DU CLOS
CLOS, 21 rue DES VIGNES DU CLOS
ROSEE, 21 rue DE LA VIGNE ROSEE
MINE, 21 rue DE LA VILLA MINE
FEVES, 21 rue DE LA VILLE AUX FEVES
ETABLE, 21 rue DE LA VILLE ETABLE
HALLUARD, 21 rue DE LA VILLE HALLUARD
HALLUARD, 21 rue DE LA VILLE HALLUARD
HEULIN, 21 rue DE LA VILLE HEULIN
VILLENEU, 21 rue DE VILLENEUVE
VILLENEU, 21 rue DE VILLENEUVE
VILLENEU, 21 rue DE VILLENEUVE
BOUSSEAU, 21 rue DE LA VILLES BOUSSEAU
CRENEAU, 21 rue DE LA VILLES CRENEAU
